abbr,cir_cap,cir_val,code,main_scope,net_profit,tot_cap,tot_val
国农科技,8260.46,240131.53,a000004,"生物医药88.66%,移动网络10.95%,其他业务0.39%", 381.60,16505.26,479807.98
万方发展,30940.00,124997.60,a000638,"软件88.13%,金融其他11.87%", -626.93,30940.00,124997.60
顺利办,70720.16,306925.50,a000606,企业互联100.00%, --,76579.94,332356.92
神州信息,96342.05,1436459.93,a000555,"金融41.91%,政企32.09%,运营商18.69%,其他7.31%", 2946.50,97038.13,1446838.48
国新健康,89877.99,937427.47,a000503,服务业100.00%, -7118.24,89882.22,937471.56
常山北明,156991.02,1527522.61,a000158,"软件和信50.47%,纺织业49.53%", -9894.96,159861.67,1555454.07
中嘉博创,62164.37,586210.02,a000889,"通信网络64.76%,信息智能35.24%", -2276.76,66910.19,630963.08
中信国安,391982.64,1015235.03,a000839,"信息及服83.25%,产品销售16.68%,房地产开0.07%", 8147.06,391982.64,1015235.03
长城动漫,30289.50,86022.18,a000835,"游戏行业48.62%,动漫行业38.32%,旅游行业13.06%", -3910.12,32676.04,92799.95
东方电子,97802.27,486077.30,a000682,"自动化行89.16%,非自动化10.84%", 24708.54,134072.70,666341.32
智度股份,65857.61,589425.64,a000676,互联网和100.00%, 32650.43,132600.01,1186770.09
天夏智慧,109298.07,280896.05,a000662,智慧城市100.00%, --,109309.77,280926.12
利欧股份,578734.13,2338085.88,a002131,"互联网业81.39%,制造业18.61%", 30869.38,675480.42,2728940.90
梦网集团,66469.73,1007016.45,a002123,"云通信服65.84%,节能大功34.16%", 18198.23,81575.07,1235862.36
*ST天润,94080.71,115719.27,a002113,"游戏运营77.05%,优易付计22.95%", 11533.97,153269.29,188521.23
生 意 宝,25163.81,472576.33,a002095,"化工贸易65.07%,网络服务34.93%", 3079.21,25272.00,474608.16
启明信息,40269.81,378938.93,a002232,工业信息0.00%, 431.68,40854.85,384444.10
榕基软件,46922.33,335963.86,a002474,信息技术100.00%, -789.83,62220.00,445495.20
赛为智能,52952.12,323007.96,a300044,"大数据领52.00%,智慧城市30.65%,互动娱乐17.35%", 2940.49,79308.95,483784.60
星辉娱乐,91484.93,305559.66,a300043,"游戏业务47.68%,体育业务31.66%,玩具衍生20.66%", 1320.54,124419.84,415562.27
卫宁健康,132787.10,3255939.57,a300253,"医疗卫生99.08%,其他0.92%", 1174.81,164132.37,4024525.83
绿盟科技,72606.39,1402029.39,a300369,"能源及企25.55%,电信运营24.55%,金融20.83%,政府、事29.07%", -6065.65,79811.77,1541165.20
今天国际,16369.59,141760.62,a300532,"烟草57.74%,新能源42.26%", -1743.45,27317.54,236569.91
赛意信息,9443.21,170355.54,a300687,软件服务100.00%, 295.35,21761.18,392571.60
浙数文化,130192.40,1235525.83,a600633,"在线游戏0.00%,技术信息0.00%,商品销售0.00%,其他业务0.00%", 19174.83,130192.40,1235525.83
格尔软件,12126.80,479372.40,a603232,软件行业100.00%, -2713.58,12126.80,479372.40
宝信Ｂ,29744.00,68202.99,a900926,"软件开发77.15%,服务外包13.51%,系统集成9.34%", 27436.01,114037.03,261486.90
云赛Ｂ股,29337.05,14492.50,a900901,"工业61.75%,工程施工17.40%,商业16.86%,物业管理2.01%,公司内各1.98%", 24179.08,136767.35,67563.07
麦迪科技,11200.00,522480.00,a603990,软件和信100.00%, -1642.70,11245.48,524601.53
中科软,4240.00,258852.00,a603927,, -2241.26,42400.00,2588520.00
金桥信息,23116.63,246423.23,a603918,"企事业单63.93%,党政机关36.07%", -849.22,23331.59,248714.79
新华网,51902.94,1324562.93,a603888,"互联网81.23%,移动互联17.10%,减:内部1.67%", -5854.31,51902.94,1324562.93
数据港,21058.65,1398294.41,a603881,"IDC 73.01%,IDC 26.99%", 2931.79,21058.65,1398294.41
新智认知,49792.95,556685.20,a603869,"产品销售50.63%,旅游业务27.00%,系统集成17.80%,软件收入4.57%", -12078.31,50450.05,564031.57
华扬联众,9478.51,246062.00,a603825,主营业务100.00%, 1277.12,23093.98,599519.73
南威软件,59079.36,719586.58,a603636,"政务行业53.23%,公安行业31.08%,民生行业15.13%,其他行业0.55%", -1636.27,59079.36,719586.58
DR国联股,3521.00,260976.52,a603613,"网上商品95.59%,商业信息3.07%,互联网技1.34%", 4072.56,14081.50,1043720.78
纵横通信,9291.84,208694.78,a603602,通信技术100.00%, -1235.30,15680.00,352172.80
中通国脉,14331.32,293792.07,a603559,通信技术100.00%, -1381.88,14331.32,293792.07
掌阅科技,16315.15,554388.92,a603533,"数字阅读87.02%,版权产品7.19%,硬件产品4.64%,其他1.15%", 5522.27,40100.00,1362598.00
吉比特,7186.46,3008609.47,a603444,游戏收入100.00%, 32219.59,7186.46,3008609.47
鼎信通讯,46431.25,686253.82,a603421,"电力电子87.77%,消防电子6.13%,劳务6.10%", -5392.83,46910.73,693340.54
顶点软件,5870.72,317371.02,a603383,应用软件100.00%, 140.56,12018.52,649721.41
超讯通信,15652.00,281892.52,a603322,"通信技术97.64%,设备及软2.36%", -460.40,15652.00,281892.52
电魂网络,24000.00,906480.00,a603258,网络游戏100.00%, 10153.11,24418.10,922271.64
中贝通信,18564.52,355696.20,a603220,通信技术100.00%, -2418.25,33776.00,647148.16
网达软件,22080.00,495696.00,a603189,"移动互联97.00%,商业智能0.15%,其他2.85%", 1618.27,22080.00,495696.00
海量数据,21046.28,433763.91,a603138,软件和信100.00%, 410.84,21060.98,434066.88
泛微网络,20680.22,1300165.49,a603039,"小计50.00%,软件收入30.77%,技术服务17.07%,第三方产0.96%,软件收入0.91%,软件收入0.30%", 1890.02,21229.64,1334707.55
人民网,110569.11,2487804.88,a603000,"互联网信72.14%,移动增值18.49%,其他9.37%", -2372.51,110569.11,2487804.88
吉视传媒,311109.04,681328.80,a601929,有线电视100.00%, 1069.75,311109.04,681328.80
中国卫通,40000.00,697200.00,a601698,"主营业务96.44%,其他业务3.56%", 8668.44,400000.00,6972000.00
大智慧,198770.00,1435119.40,a601519,"信息咨询98.50%,直播平台1.50%", -3875.25,198770.00,1435119.40
三六零,178923.18,3263558.76,a601360,"互联网广81.23%,互联网增8.98%,智能硬件7.73%,其他2.06%", 35985.80,676405.52,12337636.62
贵广网络,105169.98,795085.02,a600996,有线电视100.00%, -9710.79,105169.98,795085.02
科达股份,131144.34,544249.03,a600986,"互联网分95.73%,房地产开1.77%,路桥工程2.50%", 1677.20,132519.24,549954.83
江苏有线,445698.35,1582229.15,a600959,有线电视100.00%, 576.69,500071.77,1775254.78
广西广电,167102.62,660055.36,a600936,有线电视100.00%, 555.30,167102.62,660055.36
*ST大晟,54035.95,156704.27,a600892,"网络游戏89.42%,影视剧8.66%,基金管理1.92%", 2657.77,55946.42,162244.61
华东电脑,42685.22,1017615.71,a600850,"软件及信98.10%,减:内部1.90%", 6395.33,42685.22,1017615.71
宝信软件,83636.98,4654397.99,a600845,"软件开发66.80%,服务外包28.24%,系统集成4.95%", 27436.01,114037.03,6346160.45
广电网络,71039.19,520006.88,a600831,"有线电视76.85%,商品销售21.01%,广告代理2.14%", -2840.21,71039.19,520006.88
鹏博士,143235.79,1024135.87,a600804,"互联网业100.00%,其他0.00%", 8134.17,143239.43,1024161.92
浙大网新,102379.87,859990.87,a600797,"智慧商务40.44%,智慧城市33.73%,智慧云服17.79%,智慧生活8.04%", -2719.84,104663.56,879173.91
ST运盛,34091.02,123409.49,a600767,"医疗90.68%,房地产及9.32%", -161.95,34101.02,123445.69
浪潮软件,32409.88,607036.96,a600756,"电子政务58.97%,烟草18.90%,租赁0.86%,其他行业21.27%", -1001.31,32409.88,607036.96
佳都科技,171850.56,1594773.19,a600728,软件和信100.00%, -4392.53,175110.75,1625027.76
东软集团,124237.03,1352941.25,a600718,"智慧城市25.79%,医疗健康23.66%,智能汽车20.81%,企业互联29.74%", -6390.95,124237.03,1352941.25
*ST工新,77587.85,90777.79,a600701,"商业及信91.68%,制造工业8.32%", -13262.80,103473.52,121064.02
ST中安,75504.32,136662.81,a600654,"押运51.72%,安防24.09%,租赁0.95%,其他23.24%", -10970.08,128302.10,232226.80
ST游久,83270.35,161544.48,a600652,网络游戏100.00%, -1299.61,83270.35,161544.48
号百控股,79569.59,1368597.02,a600640,"互联网文41.54%,积分兑换37.38%,宾馆酒店11.38%,电子商务9.64%,其他业务0.06%", -5629.53,79569.59,1368597.02
东方明珠,341450.02,3219873.69,a600637,"视频购物51.41%,媒体网络22.90%,文旅消费16.18%,影视互娱9.51%", 28577.68,341450.02,3219873.69
*ST富控,57573.21,63330.53,a600634,"游戏业99.45%,服务业0.55%", -34028.52,57573.21,63330.53
云赛智联,103346.47,793700.87,a600602,"系统集成76.24%,制造业14.04%,商品贸易5.83%,公司内各3.31%,物业租赁0.57%", 2296.29,136767.35,1050373.21
用友网络,249318.70,9536440.14,a600588,软件行业100.00%, -23781.91,250328.11,9575050.32
信雅达,43111.11,369031.11,a600571,"IT 行91.08%,环保行业8.92%", -2873.55,43967.92,376365.41
恒生电子,80314.67,8593670.05,a600570,"资管业务32.63%,财富业务21.92%,经纪业务15.89%,互联网业15.59%,银行业务6.46%,其他项目7.51%", -4491.38,80314.67,8593670.05
天下秀,34875.37,631941.62,a600556,"智慧城市55.77%,物业管理44.23%", 5583.02,168042.03,3044921.61
中国软件,49456.28,4174109.88,a600536,"行业解决55.43%,服务化业32.76%,自主软件11.81%", -16146.54,49456.28,4174109.88
湘邮科技,16107.00,225014.79,a600476,"邮政行业98.96%,其他行业1.04%", -1421.11,16107.00,225014.79
金证股份,85321.05,1438512.88,a600446,计算机信100.00%, -8521.07,86044.05,1450702.66
华胜天成,109874.34,1692064.81,a600410,"政府37.07%,金融21.07%,电商及零21.07%,运营商20.79%", 25920.71,109874.34,1692064.81
国电南瑞,293489.89,5652615.27,a600406,电工电气100.00%, 214638.30,462194.08,8901858.02
*ST联合,50493.67,138352.64,a600358,"广告营销90.50%,销售及衍6.10%,旅游饮食3.40%", 379.70,50493.67,138352.64
*ST信通,56592.27,290318.34,a600289,"计算机与82.87%,智能交通17.03%,电子商务0.10%", -9072.35,63105.21,323729.71
中昌数据,41264.07,264090.05,a600242,"营销托管60.04%,O2O 13.08%,精准营销12.07%,效果营销11.53%,营销服务1.84%,其他项目1.44%", -2542.75,45666.51,292265.68
浙江富润,52194.61,457224.80,a600070,"信息服务48.81%,金属制造27.82%,纺织业23.29%,光伏电力0.08%", 48547.86,52194.61,457224.80
中国联通,2149991.08,11050954.15,a600050,电信业100.00%, 139572.45,3102550.77,15947110.95
歌华有线,139177.79,1441881.89,a600037,有线电视100.00%, 1925.55,139177.79,1441881.89
金现代,8602.50,155705.25,a300830,, 21.97,43012.50,778526.25
中科海讯,1970.00,97987.80,a300810,, 260.65,7870.00,391453.80
指南针,5690.00,295311.00,a300803,, 2816.12,40500.00,2101949.99
左江科技,1700.00,141151.00,a300799,, 473.27,6800.00,564604.00
壹网壹创,2000.00,705980.00,a300792,, 4732.71,8013.90,2828826.56
唐源电气,1150.00,65584.50,a300789,, 585.42,4598.28,262239.67
值得买,1333.33,245640.01,a300785,"信息推广80.22%,互联网效19.64%,海淘代购0.14%", 1898.58,5333.33,982560.01
拉卡拉,17084.96,1225845.72,a300773,"收单业务89.29%,硬件销售8.49%,个人支付1.90%,其他衍生0.32%", 16820.00,40001.00,2870071.75
新媒股份,7173.90,1266766.57,a300770,"IPTV75.85%,互联网电15.66%,省外专网5.46%,有线电视3.02%", 14366.71,12836.56,2266680.42
迪普科技,14332.71,629922.52,a300768,"总计50.00%,政府19.47%,运营商14.73%,公共事业9.44%,金融1.24%,其他5.13%", 3964.65,40001.00,1758043.95
每日互动,30950.31,899725.61,a300766,"移动应用62.17%,移动互联19.72%,数据服务18.11%", 3361.28,40010.00,1163090.70
奥飞数据,10243.66,482783.51,a300738,信息传输100.00%, 6413.59,19971.40,941251.89
科创信息,8436.96,107908.70,a300730,信息技术100.00%, -1572.38,15800.82,202092.49
朗新科技,25807.57,442599.88,a300682,"电力行业81.51%,非电力行18.49%", 3483.94,102070.33,1750506.22
中科信息,10712.70,236857.80,a300678,"数字会议0.00%,烟草行业0.00%,油气行业0.00%,政府及事0.00%,其他行业0.00%", 97.32,18000.00,397980.00
宇信科技,27609.92,1264534.40,a300674,"银行87.27%,非银金融12.73%", 525.65,40001.00,1832045.80
富满电子,7862.63,223927.60,a300671,集成电路0.00%, 660.53,14189.00,404102.72
科蓝软件,18470.23,417981.39,a300663,软件和信100.00%, -1034.75,30042.52,679862.13
中孚信息,10786.30,641137.64,a300659,信息安全100.00%, -2851.84,21242.60,1262660.43
正元智慧,9179.84,131271.68,a300645,"企事业52.22%,学校47.78%", -2385.07,12666.67,181133.33
彩讯股份,20088.50,457013.38,a300634,电信100.00%, 1749.26,40001.00,910022.75
万兴科技,4979.67,463108.94,a300624,消费类软100.00%, 3262.38,8128.45,755945.85
富瀚微,4189.56,766688.56,a300613,集成电路100.00%, 3034.14,4444.48,813339.84
汇纳科技,5543.25,191242.04,a300609,信息技术100.00%, -771.35,10114.10,348936.62
思特奇,12169.86,194352.72,a300608,电信100.00%, -3645.05,15765.17,251769.78
恒锋信息,9996.80,129858.46,a300605,信息技术100.00%, 441.44,16530.05,214725.31
立昂技术,15173.56,406651.45,a300603,信息技术100.00%, 3198.03,28105.67,753231.84
诚迈科技,5344.09,1571163.05,a300598,软件和信100.00%, -2364.88,8000.00,2352000.00
吉大通信,17756.06,196204.51,a300597,通信行业100.00%, 280.54,24000.00,265200.00
熙菱信息,9702.20,86349.58,a300588,政府客户100.00%, -2437.00,16325.15,145293.84
数字认证,17403.35,749214.04,a300579,软件和信100.00%, -777.30,18000.00,774900.00
会畅通讯,13880.77,569250.48,a300578,多方通信100.00%, 1340.15,17419.70,714381.71
平治信息,9625.22,454310.37,a300571,互联网和100.00%, 5620.59,12459.77,588101.21
汇金科技,13445.45,212572.64,a300561,软件和信100.00%, 607.10,25373.68,401157.96
中富通,18932.40,377890.70,a300560,"通信技术83.71%,软件行业16.29%", 1393.12,18932.40,377890.70
佳发教育,16246.27,555784.81,a300559,信息服务100.00%, 2738.29,26635.35,911195.31
丝路视觉,8541.22,138367.76,a300556,CG 行100.00%, -1393.09,11787.66,190960.09
万集科技,5568.99,216967.81,a300552,智能交通100.00%, 8130.61,10993.76,428316.89
和仁科技,11285.05,306050.56,a300550,"医疗信息95.43%,其他4.57%", 62.34,11719.05,317820.64
新晨科技,16203.10,227167.52,a300542,软件和信100.00%, -1155.33,23173.01,324885.61
先进数通,14267.45,295764.32,a300541,"国有大型43.19%,区域性银14.53%,其他42.28%", 990.94,18109.67,375413.50
冰川网络,6359.95,301334.52,a300533,"网络游戏99.71%,其他0.29%", 3603.10,10078.12,477501.33
博思软件,14044.79,533561.47,a300525,软件业100.00%, -4626.60,21398.47,812927.75
辰安科技,22752.10,916454.65,a300523,"政府63.72%,企业36.28%", -1969.00,23263.76,937064.41
科大国创,19739.45,340702.99,a300520,"电信26.14%,互联网业25.42%,政府25.25%,能源、金23.18%", -1630.92,25038.48,432164.10
盛讯达,6013.25,135899.39,a300518,"增值电信45.18%,游戏运营27.41%,软件产品25.20%,租赁业务2.21%", 5521.05,9334.00,210948.40
恒实科技,24143.00,315066.14,a300513,"通信行业40.20%,电力行业34.63%,其他行业25.17%", 303.18,31369.12,409366.96
维宏股份,4132.62,97736.43,a300508,雕刻雕铣100.00%, -2887.63,9091.20,215006.88
中科创达,28319.13,1663182.49,a300496,软件和信100.00%, 6696.86,40251.51,2363971.16
盛天网络,14791.72,217586.16,a300494,"互联网运99.58%,金融报告0.42%", 2545.24,24000.00,353040.00
润欣科技,47706.90,426499.65,a300493,软件和信100.00%, 610.21,47706.90,426499.65
信息发展,16573.37,229541.18,a300469,"智慧档案40.60%,智慧食安24.82%,智慧司法19.06%,其他(政15.52%", -2779.40,20513.54,284112.50
四方精创,18628.31,628332.84,a300468,软件与信100.00%, 718.06,18896.83,637389.94
迅游科技,13708.93,205222.66,a300467,"移动互联63.38%,互联网加36.62%", 2136.10,22276.31,333476.31
高伟达,44676.23,566494.54,a300465,银行金融100.00%, -328.95,44676.23,566494.54
金科文化,226991.46,531160.01,a300459,"移动互联70.01%,精细化工29.99%", 21784.40,354354.41,829189.31
深信服,21030.34,3961275.60,a300454,"政府及事52.78%,企业34.36%,金融及其12.86%", -19369.47,40892.71,7702551.61
创业慧康,83287.17,1337591.91,a300451,"医疗行业64.45%,非医疗行35.55%", 5798.00,110962.71,1782061.18
浩云科技,42096.08,382232.42,a300448,"金融行业62.93%,平安城市18.00%,司法行业8.96%,其他行业10.11%", -3945.42,69232.14,628627.84
运达科技,44186.61,525378.80,a300440,软件和信100.00%, 270.26,44800.00,532672.00
暴风集团,24315.42,36959.44,a300431,"销售商品68.00%,广告业务25.36%,网络付费6.64%", --,32952.45,50087.73
浩丰科技,36775.38,190128.70,a300419,"金融47.49%,政府及公22.38%,商业流通17.93%,文化传媒12.19%", -2960.45,36775.38,190128.70
昆仑万维,89425.00,1984340.80,a300418,互联网收100.00%, 50783.70,114836.93,2548231.37
京天利,13405.53,192771.47,a300399,"移动信息50.54%,保险产品49.46%", 159.97,19760.00,284148.80
腾信股份,25900.36,185705.58,a300392,互联网营100.00%, 50.19,38400.00,275328.00
飞天诚信,21924.98,393334.23,a300386,信息安全100.00%, 33.40,41804.40,749970.94
光环新网,150206.02,3953422.38,a300383,电信服务100.00%, 22086.02,154313.99,4061544.27
安硕信息,12120.12,211617.26,a300380,信息服务100.00%, 90.91,13744.00,239970.24
东方通,23268.81,1087118.65,a300379,"电信82.49%,政府17.51%", -4114.53,28129.57,1314213.55
鼎捷软件,26465.37,337698.16,a300378,软件服务100.00%, -5278.90,26601.90,339440.18
赢时胜,56651.46,550652.19,a300377,"定制软件62.20%,服务费收37.80%", -2709.09,74209.21,721313.50
创意信息,33228.54,316003.45,a300366,软件和信100.00%, -3934.36,52557.62,499822.92
恒华科技,34351.99,383711.72,a300365,主营业务100.00%, 585.62,60583.90,676722.13
全通教育,53354.61,272108.49,a300359,软件及信100.00%, 365.59,63410.34,323392.75
北信源,109746.44,785784.51,a300352,"政府36.54%,能源15.63%,其他47.83%", 481.31,144982.41,1038074.05
华鹏飞,30783.30,123133.20,a300350,"信息服务61.76%,物流服务38.24%", 83.56,47672.44,190689.77
金卡智能,37898.78,571513.61,a300349,"仪器仪表55.04%,软件及信44.96%", 3779.24,42911.95,647112.18
长亮科技,35742.16,866032.57,a300348,软件开发100.00%, 182.01,48181.03,1167426.28
联创股份,79292.97,155414.23,a300343,"互联网广87.95%,化工行业12.05%", -2984.50,117511.22,230321.98
润和软件,74731.17,729376.26,a300339,软件业务100.00%, 1042.04,79641.08,777296.98
兆日科技,33089.51,288540.50,a300333,票据防伪100.00%, -564.28,33600.00,292992.00
华虹计通,16771.97,168726.06,a300330,"系统集成67.99%,产品销售23.62%,服务收入8.39%", 11.98,16800.00,169008.00
旋极信息,122321.23,757168.42,a300324,"智慧城市64.32%,信息安全21.88%,智慧防务13.80%", -3978.56,175301.46,1085116.03
掌趣科技,260033.01,1474387.16,a300315,信息服务100.00%, 9411.28,275748.42,1563493.54
邦讯技术,20149.47,95911.50,a300312,"无线网络74.74%,互联网游25.26%", -1395.11,32004.00,152339.04
任子行,51040.89,365963.20,a300311,"文化娱乐27.12%,网资管理26.84%,公共安全21.28%,信息安全19.33%,网络安全4.94%,其他业务0.48%", -4616.10,67998.88,487551.98
宜通世纪,68001.73,397810.09,a300310,"通信服务85.80%,医疗设备10.52%,物联网3.68%", 441.44,88165.85,515770.24
同有科技,25138.07,298640.32,a300302,"非政府客61.67%,政府客户38.33%", -1344.46,47987.12,570087.02
汉鼎宇佑,67133.88,381320.42,a300300,"智慧城市74.24%,智慧医疗25.76%", -6277.68,67857.00,385427.75
富春股份,62031.02,292786.42,a300299,"游戏业务68.02%,通信业务31.98%", 1489.24,71080.09,335498.04
蓝盾股份,99728.48,361017.10,a300297,"系统集成49.65%,制造贸易26.93%,政府机关23.42%", -3820.69,124980.61,452429.79
三六五网,16586.94,194398.92,a300295,"房地产网85.22%,互联网金14.78%", -1575.03,19262.58,225757.44
吴通控股,102961.69,528193.45,a300292,"服务业79.43%,工业20.57%", -388.39,127485.05,653998.29
荣科科技,52573.83,294413.45,a300290,"社保医疗56.32%,政府16.91%,教育13.50%,金融13.28%", -1481.39,57529.52,322165.30
朗玛信息,20236.75,223818.44,a300288,计算机应100.00%, 668.77,33794.14,373763.19
飞利信,113153.75,479771.88,a300287,"企事业单85.76%,行政单位14.24%", -264.14,143527.38,608556.09
海联讯,33439.06,257480.78,a300277,计算机应100.00%, 326.44,33500.00,257950.00
梅安森,11761.04,129371.46,a300275,"安全生产92.94%,环保行业7.06%", 488.56,16811.40,184925.40
华宇软件,66718.43,1776044.53,a300271,"法律科技64.43%,教育信息13.97%,市场监管3.51%,大企业及18.09%", -2502.45,80939.07,2154598.10
佳创视讯,32243.22,157991.80,a300264,"数字电视93.53%,游戏行业6.47%", -772.56,41310.00,202419.00
初灵信息,15191.99,198863.11,a300250,"软件和信53.53%,通信设备46.47%", -1024.57,21998.99,287966.78
依米康,30546.28,188470.52,a300249,"信息数据75.02%,环保治理19.95%,医疗健康5.03%", -3979.10,43747.02,269919.11
新开普,31838.18,353722.15,a300248,软件和信100.00%, 1111.10,48109.25,534493.76
天玑科技,30796.03,285171.24,a300245,"电信53.28%,金融23.51%,其他23.21%", 364.92,31345.75,290261.64
佳云科技,58918.74,277507.25,a300242,"互联网营99.93%,其他0.07%", 105.31,63455.52,298875.51
方直科技,10556.05,160874.27,a300235,"教育行业96.36%,其他3.64%", 1358.20,16783.11,255774.58
银信科技,35868.22,294119.40,a300231,"银行81.01%,运营商18.99%", 1978.50,44210.02,362522.18
拓尔思,46545.69,749385.57,a300229,"公安及安24.61%,政府及事21.16%,出版传媒54.23%", 854.90,47801.12,769598.06
上海钢联,15279.87,1283509.43,a300226,"钢材交易99.65%,信息服务0.35%", 3505.65,15910.88,1336514.34
易华录,51368.80,2547892.44,a300212,"公安信息52.47%,数字经济41.94%,数据运营5.59%", 6179.45,54170.73,2686868.43
天泽信息,26376.06,311237.47,a300209,"通信工程50.22%,软件服务32.96%,现代制造16.82%", 1785.91,42616.97,502880.22
美亚柏科,59633.62,1180149.34,a300188,"司法机关0.00%,行政执法0.00%,企业0.00%,其他0.00%", -4449.43,80533.37,1593755.43
东软载波,27210.05,411415.94,a300183,软件及集100.00%, 2473.87,46870.73,708685.46
汉得信息,73041.32,662484.75,a300170,软件服务100.00%, 1213.07,88401.69,801803.36
万达信息,117910.82,2489097.33,a300168,"民生服务37.42%,智慧城市62.58%", -13622.12,118758.48,2506991.43
迪威迅,30024.00,131204.88,a300167,综合信息100.00%, -1694.14,30024.00,131204.88
东方国信,81803.39,1202509.84,a300166,"电信51.09%,金融18.96%,工业13.43%,政府8.23%,大数据运2.82%,其他5.47%", 4362.53,105619.05,1552600.03
世纪瑞尔,47329.86,206831.49,a300150,"铁路行业66.63%,城市轨道24.92%,水利行业5.20%,通信行业3.25%", -1948.64,58510.61,255691.35
顺网科技,47843.88,951136.31,a300113,计算机应100.00%, 2471.32,69428.72,1380243.03
乐视网,396555.79,670179.28,a300104,"互联网服48.89%,分部间抵35.33%,终端业务13.04%,影视剧发2.31%,贷款业务0.44%", -14987.34,398944.02,674215.39
高新兴,131924.71,701839.48,a300098,"公安行业45.62%,交通行业32.84%,电信行业17.22%,其他行业4.31%", -5897.99,176386.25,938374.84
易联众,37652.21,296699.40,a300096,民生服务100.00%, -4957.19,43000.00,338840.00
银之杰,41506.16,568634.40,a300085,"移动信息47.32%,电子商务29.05%,金融信息23.63%", -1527.11,70664.05,968097.53
数字政通,32502.61,419608.69,a300075,"智慧城市98.09%,国土资源1.91%", 2437.67,42655.26,550679.41
华平股份,49364.10,215721.12,a300074,"多媒体通98.79%,其他业务1.21%", -2523.30,53619.89,234318.92
中青宝,26024.96,271180.05,a300052,"网络游戏73.52%,云服务业26.48%", 508.81,26326.93,274326.61
三五互联,22489.67,162375.42,a300051,商业100.00%, -137.27,36569.87,264034.45
世纪鼎利,38075.62,189616.60,a300050,"通信及物65.22%,职业教育34.78%", -534.67,57159.67,284655.17
天源迪科,51033.12,365397.17,a300047,"网络产品64.64%,电信行业13.96%,金融行业12.84%,政府行业2.98%,其他行业5.58%", 478.87,63774.47,456625.19
数知科技,80572.18,630074.41,a300038,"大数据服84.88%,通信行业15.12%", 4251.44,117182.71,916368.81
超图软件,37378.81,909052.63,a300036,软件100.00%, 882.12,44953.74,1093274.88
同花顺,26888.76,3095434.26,a300033,互联网金100.00%, 12684.43,53760.00,6188851.20
宝通科技,32407.42,659491.01,a300031,"手机游戏65.75%,输送带制34.25%", 11844.25,39676.79,807422.65
华星创业,39909.38,177596.74,a300025,"通信服务0.00%,互联网服0.00%", -3057.37,42853.06,190696.10
银江股份,61399.46,602328.68,a300020,信息技术100.00%, 5562.19,65578.91,643329.09
网宿科技,217607.95,1734335.36,a300017,电信增值100.00%, 8734.75,243401.56,1939910.44
立思辰,72745.15,1150100.82,a300010,信息技术100.00%, -14009.81,86832.46,1372821.27
神州泰岳,159374.12,997681.98,a300002,"电信34.49%,游戏30.38%,政府及事7.54%,金融6.59%,交通、能20.99%", 1448.19,196109.20,1227643.58
润建股份,7660.14,225744.25,a002929,通信技术100.00%, --,22074.63,650539.48
中新赛克,5182.00,824041.64,a002912,"政府63.24%,运营商36.76%", 3211.59,10672.00,1697061.44
德生科技,11775.20,152724.35,a002908,软件和信100.00%, 373.01,20086.22,260518.21
吉宏股份,11800.66,395912.13,a002803,"互联网业53.30%,包装业务46.70%", --,22259.37,746801.86
久远银海,18997.83,795059.25,a002777,"智慧城市61.16%,医疗医保38.84%", 6191.32,22430.28,938707.09
真视通,12857.68,171392.85,a002771,"政府59.91%,能源40.09%", 91.11,20986.55,279750.71
中科金财,28014.14,386595.18,a002657,"企业39.97%,金融37.33%,政府与公22.70%", -2041.28,33757.67,465855.83
博彦科技,43226.37,362669.24,a002649,"高科技34.50%,互联网29.88%,金融21.56%,商业物流14.06%", --,52898.14,443815.43
*ST荣联,55240.82,287252.24,a002642,"金融52.95%,政府13.30%,电信12.06%,其他行业5.85%,制造5.38%,其他项目10.46%", 214.19,66158.03,344021.76
完美世界,116041.89,5080313.98,a002624,"游戏67.48%,影视32.52%", 61430.01,129316.89,5661493.26
艾格拉斯,142081.23,304053.84,a002619,互联网和100.00%, 6231.87,184489.62,394807.79
捷顺科技,43305.23,458602.35,a002609,安防100.00%, -1915.52,64539.97,683478.33
世纪华通,259239.41,3512693.98,a002602,"软件服务66.51%,汽车零部25.88%,铜杆加工7.61%", 80376.87,622670.32,8437182.78
巨人网络,202437.99,3405007.05,a002558,"游戏相关70.14%,互联网金29.86%", 31659.23,202437.99,3405007.05
三七互娱,131749.62,4566441.93,a002555,"网络游戏94.95%,汽车零部5.05%", 211477.01,211225.17,7321064.38
杰赛科技,51266.22,703372.52,a002544,通信行业100.00%, -4484.16,57115.72,783627.71
金财互联,63797.80,676256.72,a002530,"热处理行45.11%,企业云服27.51%,电子税务27.38%", 1232.84,77919.82,825950.07
恺英网络,160004.19,500813.12,a002517,"游戏产品87.85%,移动互联12.15%", --,215251.76,673738.02
二六三,115478.49,764467.60,a002467,通信行业100.00%, 9159.57,135388.30,896270.51
众应互联,52175.00,328180.73,a002464,"电子商务55.54%,互联网和44.46%", -3862.18,52179.44,328208.67
华软科技,57130.00,262798.00,a002453,"移动设备56.37%,化学品销36.01%,金融 I7.62%", -31400.28,57130.00,262798.00
*ST晨鑫,135014.80,144465.84,a002447,游戏行业100.00%, 68.91,142719.30,152709.65
启明星辰,71163.01,2934762.43,a002439,"信息网络99.06%,其他业务0.94%", --,93358.37,3850099.35
凯撒文化,81296.53,453634.62,a002425,"文化与娱96.16%,服装业3.84%", 18028.75,81374.44,454069.39
达实智能,164818.01,657623.87,a002421,信息技术100.00%, -34288.58,193503.92,772080.65
深南股份,22945.60,157406.79,a002417,"软件行业50.59%,保理和融30.79%,服务业务18.62%", 612.16,27000.00,185220.00
广联达,89176.20,4914500.56,a002410,软件行业100.00%, 5297.19,112852.87,6219321.88
四维图新,191007.91,2918600.90,a002405,"导航40.88%,芯片30.54%,车联网28.59%", 8560.03,196156.32,2997268.52
中远海科,30210.77,435337.13,a002401,软件与信100.00%, --,30940.01,445845.54
科远智慧,14335.36,194817.58,a002380,工业自动100.00%, 1070.81,23999.16,326148.65
千方科技,95340.12,2171847.95,a002373,"智慧交通54.62%,智能安防44.82%,其他行业0.57%", 101337.42,149101.98,3396543.05
太极股份,40505.50,1766444.68,a002368,"政务44.76%,企业39.18%,事业单位10.72%,其他5.34%", 1401.98,41277.75,1800122.78
*ST北讯,70856.00,95655.60,a002359,"通信行业74.61%,制造业25.39%", -72008.11,108719.18,146770.89
*ST天娱,69954.18,179082.71,a002354,"游戏48.81%,互联网24.63%,平台收入15.52%,影视广告11.04%", -7096.44,93214.29,238628.58
皖通科技,33653.10,343934.72,a002331,"高速公路59.35%,港口航运18.79%,军工电子7.61%,城市智能6.42%,智能安防3.13%,其他4.70%", 8054.60,41207.25,421138.06
理工环科,35095.45,407107.19,a002322,"环境保护43.25%,软件(客38.69%,土壤修复12.66%,输电及控5.41%", 3015.08,39666.22,460128.16
亚联发展,29338.87,175739.84,a002316,"第三方支84.64%,交通行业8.14%,电力行业7.10%,其他行业0.12%", -3160.10,39312.00,235478.88
焦点科技,16670.58,225552.95,a002315,"B2B81.32%,保险18.68%", -2033.02,30550.00,413341.50
中电兴发,52779.39,432263.22,a002298,软件和信100.00%, 3929.57,69150.59,566343.34
联络互动,176302.64,303240.53,a002280,"电商及经97.22%,互联网金1.61%,应用分发0.64%,文化传媒0.19%,智能硬件0.00%,其他0.34%", -14050.58,217714.97,374469.74
久其软件,61009.45,388020.09,a002279,"互联网业62.38%,电子政务26.46%,集团管控11.16%", 5226.49,71125.49,452358.12
卫 士 通,83712.77,1896931.42,a002268,信息安全100.00%, -13585.80,83833.60,1899669.44
拓维信息,92677.13,803510.74,a002261,信息技术100.00%, 2437.03,110076.69,954364.88
川大智胜,20737.22,275182.93,a002253,软件行业100.00%, 305.27,22562.61,299405.83
*ST聚力,54452.15,80044.66,a002247,"游戏行业70.50%,建材行业29.50%", --,85087.00,125077.90
天威视讯,61735.32,595745.84,a002238,"有线电视0.00%,电视购物0.00%",,61735.32,595745.84
安妮股份,53334.32,431474.64,a002235,"互联网及61.79%,纸制品及38.21%", 10025.90,58058.63,469694.30
科大讯飞,186721.80,6385885.59,a002230,软件和信100.00%, -13144.52,219857.51,7519126.73
二三四五,560493.08,1625429.94,a002195,"互联网信51.10%,互联网金36.93%,合并抵消11.11%,其他业务0.85%", 73167.13,577042.77,1673424.05
*ST东网,75374.88,115323.56,a002175,"计量器具86.89%,文化传媒13.11%", 15311.49,75377.82,115328.07
游族网络,66233.05,1290219.73,a002174,软件和信100.00%,,88847.36,1730746.51
石基信息,48701.98,1560411.31,a002153,"计算机应63.86%,商品批发36.14%", 32174.43,106960.42,3427011.92
北纬科技,44361.17,207166.65,a002148,主营业务100.00%, 425.56,56577.37,264216.33
国脉科技,100264.62,907394.77,a002093,"企业38.20%,电信33.12%,消费16.34%,教育12.33%", 1400.89,100750.00,911787.50
*ST凯瑞,17600.00,92400.00,a002072,"互联网84.94%,贸易15.06%", 223.16,17600.00,92400.00
东华软件,280760.81,3383167.81,a002065,"金融行业67.77%,健康行业17.37%,能源行业14.87%", 75346.78,311548.24,3754156.26
远光软件,78054.02,1027971.41,a002063,电力行业100.00%, 13416.79,84806.62,1116903.24
新 大 陆,101632.66,1647465.36,a000997,"服务业64.99%,制造业35.01%", --,105172.97,1704853.87
*ST高升,78976.94,222714.98,a000971,"网络通信67.45%,虚拟专用20.70%,通信网络11.21%,内部销售0.64%", -2602.12,105530.79,297596.83
南天信息,32045.47,394479.71,a000948,软件和信0.00%, -4706.98,38116.57,469214.95
电广传媒,129462.58,833739.02,a000917,"广告代理77.31%,网络传输22.69%", -14187.98,141755.63,912906.28
京北方,4017.00,242225.10,a002987,,,16066.24,968794.16
